route_id,agency_id,route_short_name,route_long_name,route_desc,route_type,route_url,route_color,route_text_color
7142,37,BAKIRKÖY - OSMANİYE,BAKIRKÖY - OSMANİYE,,9,,,
7345,37,AĞVA - DEĞİRMENÇAYIRI,AĞVA-DEĞİRMENÇAYIRI,,9,,,
7268,37,ÇATALCA DEVLET HASTANESİ-YAZLIK KÖYÜ,ÇATALCA DEVLET HASTANESİ - YAZLIK KÖYÜ,,9,,,
7351,37,İNCİRLİ-KOCASİNAN,İNCİRLİ - EVREN MH. - BAĞCILAR,,9,,,
7250,37,ÜSKÜDAR-KİRAZLITEPE-HASİPPAŞA,ÜSKÜDAR - KİRAZLITEPE - HASİPPAŞA,,9,,,
7376,37,SANTRAL(ÜMRANİYE)-YAVUZTÜRK,ÜMRANİYE(SANTRAL) - YAVUZTÜRK MH.,,9,,,
7366,37,SULTANBEYLİ-AYDOS (1.GÜZERGAH),SULTANBEYLİ - AYDOS - YENİDOGAN -  KURTKÖY,,9,,,
7373,37,ABDURRAHMANGAZİ-YENİDOĞAN-SARIGAZİ-DUDULLU,DUDULLU - SARIGAZİ - TAŞDELEN - YENİDOĞAN-A.GAZİ,,9,,,
7444,37,İNCİRLİ-BAĞLAR MAH,İNCİRLİ - EVREN MH. - BAĞCILAR,,9,,,
7431,37,"PENDİK ANADOLU İMAM HATİP LİSESİ-YAKACIK,ADNAN KAHVECİ METRO İSTASYONU",KARTAL - TOPSELVİ,,9,,,
7301,37,PENDİK-ORHANLI,PENDİK - KURTKÖY - HARMANDERE - ORHANLI,,9,,,
7256,37,AYDINLI TOKİ KONUTLAR-İÇMELER-DENİZ HARP OKULU,TERSANELER - TUZLA - AYDINLI - ORHANLI,,9,,,
7518,37,BÜYÜKÇEKMECE-TEPEKENT B KAPISI RİNG GÜZERGAH,BÜYÜKÇEKMECE- TÜRKOBA- TEPEKENT,,9,,,
7260,37,MARMARA ÜN. PENDİK EĞİTİM VE ARŞ. HASTANESİ,PENDİK - GÖZDAĞI,,9,,,
7275,37,ŞİLE-KIZILCAKÖY,ŞİLE - KIZILCAKÖY,,9,,,
7282,37,DUDULLU-ŞAHİNTEPE,DUDULLU - ŞAHİNTEPE,,9,,,
7412,37,BEYLİKDÜZÜ KAYMAKAMLIĞI-BÜYÜKÇEKMECE,B.ÇEKMECE - GÜRPINAR - YAKUPLU - BEYLİKDÜZÜ,,9,,,
7406,37,2.GÜZERGAH,BÜYÜKÇEKMECE - ESENYURT,,9,,,
7274,37,ÇATALCA DEVLET HASTANESİ-KALFA KÖYÜ,ÇATALCA DEVLET HASTANESİ - KALFA KÖYÜ,,9,,,
7510,37,Bahçeköy,Sarıyer,,9,,,
7341,37,PENDİK-KAVAKPINAR MAH.,PENDİK - KAYNARCA - ESENYALI MH.,,9,,,
7377,37,PENDİK-KADIKÖY,KADIKÖY - PENDİK,,9,,,
7181,37,TOPKAPI-GÜNGÖREN-BAĞCILAR-OTOCENTER-42 EVLER,100.YIL MH - BAĞCILAR - TOPKAPI,,9,,,
7164,37,YAHYA KEMAL-DERE CADDESİ-NOBEL İLAÇ FABRİKASI2,ŞİŞLİ - ÇAĞLAYAN - Y.KEMAL - GÜLTEPE - 4.LEVENT,,9,,,
7327,37,PENDİK-HİLAL KONUTLARI,PENDİK - KURTKÖY - HARMANDERE - ORHANLI,,9,,,
7403,37,BOSTANCI-TAVUKÇU YOLU-DUDULLU,BOSTANCI - DUDULLU,,9,,,
7266,37,BAKIRKÖY-HASTANE-ESENLER-ATIŞALANI-2,BAKIRKÖY - ESENLER - ATIŞALANI - OTOGAR,,9,,,
7223,37,ŞİŞHANE-YEŞİLPINAR-VİALAND,ŞİŞLİ - ŞİŞHANE - KARAYOLLARI - İMAR BLOKLARI,,9,,,
7436,37,DEREAĞZI MH-MİGROS AVM,B.ÇEKMECE - GÜRPINAR - YAKUPLU - BEYLİKDÜZÜ,,9,,,
7300,37,TOPKAPI-ESENLER-ATIŞALANI-YÜZYIL,100.YIL - ATIŞALANI - ESENLER - TOPKAPI,,9,,,
7306,37,BAKIRKÖY-ŞİRİNEVLER-EVREN MAH,BAKIRKÖY - İKİTELLİ - MAHMUTBEY,,9,,,
7131,37,İNCİRLİ-ORMANTEPE,ÇAVUŞPAŞA - BAHÇELİEVLER - İNCİRLİ,,9,,,
7360,37,SULTANBEYLİ-AYDOS (2.GÜZERGAH),SULTANBEYLİ - AYDOS - YENİDOGAN -  KURTKÖY,,9,,,
7302,37,TOPKAPI-FATİH MAH.-İSTOÇ,TOPKAPI - ÇİFTLİK - FATİH MAHALLESİ - İSTOÇ,,9,,,
7415,37,ABDURRAHMANGAZİ-YENİDOĞAN-MADENLER-DUDULLU,DUDULLU - SARIGAZİ - TAŞDELEN - YENİDOĞAN-A.GAZİ,,9,,,
7507,37,Hacıosman-Beşiktaş,Sarıyer,,9,,,
7197,37,TUZLA-PENDİK,PENDİK - TUZLA,,9,,,
7202,37,SEFAKÖY - İSTOÇ,SEFAKÖY - MEHMET AKİF - İSTOÇ,,9,,,
7184,37,ŞİŞLİ-GÖKTÜRK,ŞİŞLİ - KAĞITHANE - GÜZELTEPE - ABDURAHMAN MH.,,9,,,
7238,37,ÜSKÜDAR-ÇENGELKÖY-TALİMHANE-RASATHANE,ÜSKÜDAR - ÇENGELKÖY - TALİMHANE - ÜMRANİYE,,9,,,
7427,37,CEBECİ MAH-TOPKAPI 2,GAZİ MAHALLESİ - CEBECİ - KÜÇÜKKÖY - EDİRNEKAPI,,9,,,
7479,37,ATAKÖY-ŞİRİNEVLER METRO-ATAKÖY PLUS AVM RİNG,BAKIRKÖY - ATAKÖY,,9,,,
7378,37,KARTAL-KADIKÖY,KADIKÖY - KARTAL,,9,,,
7229,37,PENDİK-ŞİFA MH,PENDİK - ŞİFA MH.,,9,,,
7219,37,BEYKOZ-AKBABA-DERSEKİ-ALİBAHADIR-RİVA,BEYKOZ - RİVA,,9,,,
7209,37,ÇAKMAK-ÜMRANİYE-KAZIM KARABEKİR,ÇAKMAK - ÜMRANİYE - KAZIM KARABEKİR MH.,,9,,,
7257,37,KARTAL-TOPSELVİ-SAPANBAĞLARI,KARTAL - TOPSELVİ,,9,,,
7289,37,KARTAL-SOĞANLIK-YAKACIK-UĞUR MUMCU-ORTADAĞ,KARTAL-SOĞANLIK-YAKACIK-AKPINARMAH.-SAMANDIRA-YENİDOĞAN,,9,,,
7383,37,KADIKÖY-YENİSAHRA-ARMAĞANEVLER,KADIKÖY - YENİSAHRA - ARMAĞANEVLER,,9,,,
7336,37,PENDİK-ESENLER MAHALLESİ,PENDİK - KAYNARCA - ESENYALI MH.,,9,,,
7347,37,MALTEPE-ZÜMRÜTEVLER-NARCİTY-KİPTAŞ,MALTEPE - ZÜMRÜTEVLER,,9,,,
7365,37,BAKIRKÖY-ŞİRİNEVLER-POLİS LOJMANLARI,BAKIRKÖY - İKİTELLİ - MAHMUTBEY,,9,,,
7248,37,KADIKÖY-CAPİTOL-KİRAZLITEPE MAHALLESİ,KADIKÖY - POLİS HASTANESİ-EMNİYET MAHALLESİ,,9,,,
7261,37,HEKİMBAŞI-ANADOLU HİSARI-KAVACIK-ÇAVUŞBAŞI,ANADOLU HİSARI - KAVACIK - ÇAVUŞBAŞI,,9,,,
7511,37,BAHÇEKÖY-TARABYA BAYIRI,ZİNCİRLİKUYU,,9,,,
7215,37,NUR SİTESİ-TOPKAPI 1,CEVATPAŞA - B.PAŞA - OTOGAR - EYÜP - EDİRNEKAPI,,9,,,
7478,37,BÜYÜKÇEKMECE- TEPECİK - TÜRKOBA RİNG GÜZERGAHI,BÜYÜKÇEKMECE- TÜRKOBA- TEPEKENT,,9,,,
7204,37,KULELİ-K.SULTAN SÜLEYMAN HST-KAYABAŞI,KULELİ - GÜVERCİNTEPE - ŞAHİNTEPE - TAHTAKALE,,9,,,
7364,37,SULTANBEYLİ-KURTKÖY(2.GÜZERGAH),SULTANBEYLİ - AYDOS - YENİDOGAN -  KURTKÖY,,9,,,
7394,37,MALTEPE-BÜYÜKBAKKALKÖY,MALTEPE - BAŞIBÜYÜK,,9,,,
7309,37,BAKIRKÖY-ŞİRİNEVLER-İSTOÇ-İKİTELLİ,BAKIRKÖY - İKİTELLİ - MAHMUTBEY,,9,,,
7139,37,AVCILAR-TOKAT MH,AVCILAR - ESENYURT,,9,,,
7216,37,SİLAHTARAĞA CAD.-GOP-OTOGAR 1,CEVATPAŞA - B.PAŞA - OTOGAR - EYÜP - EDİRNEKAPI,,9,,,
7303,37,TOPKAPI-AYAZMA-BAĞCILAR 1,100.YIL - ATIŞALANI - ESENLER - TOPKAPI,,9,,,
7105,37,100.YIL MAH-BAĞCILAR-HASTANE-TOPKAPI,100.YIL MH - BAĞCILAR - TOPKAPI,,9,,,
7308,37,AVCILAR - BAĞLARÇEŞME,AVCILAR - ESENYURT,,9,,,
7419,37,ÜSKÜDAR-ÜMRANİYE-TAVUKÇUYOLU-ALEMDAĞ,ÜSKÜDAR - ÜMRANİYE - ALEMDAĞ,,9,,,
7313,37,AVCILAR-ÖRNEK MAH,KÜÇÜKÇEKMECE - AVCILAR -  BALIK YOLU - ÖRNEK MH.,,9,,,
7211,37,MERTER-EŞREF BİTLİS CAD.-GİYİMKENT,MERTER - ÇİNÇİN DERESİ - KARABAYIR - GİYİMKENT,,9,,,
7348,37,ŞİLE-ÇAYIRBAŞI KÖYÜ,ŞİLE MERKEZ - ÇAYIRBAŞI KÖYÜ,,9,,,
7246,37,ÜMRANİYE-ESATPAŞA-ÖRNEK MAH.-GÖZTEPE E.A.H.,ÜMRANİYE - M.KEMAL MH. - ÖRNEK MH.,,9,,,
7230,37,AHMET YESEVİ MAH.-ESENYALI,AHMET YESEVİ MH.(KURTKİREMİT) - ESENYALI,,9,,,
7459,37,1.GÜZERGAH,BÜYÜKÇEKMECE - KUMBURGAZ,,9,,,
7483,37,ŞİLE MERKEZ - PLAJ,ŞİLE MERKEZ RİNG-PLAJ,,9,,,
7449,37,KÜÇÜKÇEKMECE-TOKAT MAH.-BALIKYOLU,KÜÇÜKÇEKMECE - AVCILAR -  BALIK YOLU - ÖRNEK MH.,,9,,,
7358,37,ŞİLE DERE KÖYLERİ-ÜSKÜDAR,ŞİLE DERE KÖYLERİ-ÜSKÜDAR,,9,,,
7198,37,ŞİRİNEVLER-TAVUKÇU DERESİ- GİYİMKENT,ŞİRİNEVLER - TAVUKÇU DERESİ - GİYİMKENT,,9,,,
7316,37,HAMİDİYE MAH-ANADOLU CAD-KAĞITHANE-ŞİŞLİ,ŞİŞLİ - KAĞITHANE - GÜZELTEPE - ABDURAHMAN MH.,,9,,,
7169,37,ŞİŞLİ-CUMHURİYET CAD.- GÖKTÜRK,GÖKTÜRK - KEMERBURGAZ - ALİBEYKÖY - EYÜP,,9,,,
7239,37,ABDURRAHMANGAZİ-YENİDOĞAN-TAŞDELEN-DUDULLU,DUDULLU - SARIGAZİ - TAŞDELEN - YENİDOĞAN-A.GAZİ,,9,,,
7220,37,DUDULLU-ESENŞEHİR-SARIGAZİ,DUDULLU - ESENŞEHİR,,9,,,
7174,37,KADIKÖY-D100-ÜNALAN-LİBADİYE-BULGURLU,KADIKÖY - ACIBADEM - ÜNALAN MH. - BULGURLU MH.,,9,,,
7121,37,KÜÇÜKÇEKMECE-AVCILAR - BEYLİKDÜZÜ TOPLU KONUTLARI,KÜÇÜKÇEKMECE - AVCILAR - BEYLİKDÜZÜ,,9,,,
7346,37,B.EVLER METRO-BASIN SİTESİ-ÇAVUŞPAŞA-OTO SANAYİ,TOPKAPI - YAYLA - ÇAVUŞPAŞA - OTOSANAYİ,,9,,,
7144,37,Ş.EVLER-KULELİ-CEMAL ULUSOY-HALKALI-B.ŞEHİR4.ETAP,Ş.EVLER - KULELİ - HALKALI - BAŞAKŞEHİR,,9,,,
7126,37,ŞİRİNEVLER-ORMANTEPE SK. 1.GÜZERGAH (PARSELLER),ÇAVUŞPAŞA-BAHÇELİEVLER-İNCİRLİ,,9,,,
7295,37,PENDİK-AYDINLI KÖYÜ-DERİ SANAYİ,PENDİK - AYDINLI KÖYÜ - DERİ SANAYİİ,,9,,,
7396,37,KADIKÖY-D/100-ÖRNEK MAH.-ESATPAŞA-EYÜBOĞLU,KADIKÖY - ÖRNEK MH - M.KEMAL MH. - EYÜBOĞLU,,9,,,
7407,37,BÜYÜKÇEKMECE - KIRAÇ,BÜYÜKÇEKMECE - KIRAÇ,,9,,,
7221,37,ORTAÇEŞME-KAVACIK-RÜZGARLIBAHÇE,ORTAÇEŞME - KAVACIK - RÜZGARLIBAHÇE,,9,,,
7380,37,KADIKÖY-FİKİRTEPE-GÖZCÜBABA-SAHRAYICEDİD,KADIKÖY - FİKİRTEPE - GÖZCÜBABA -SAHRAYICEDİD,,9,,,
7253,37,ÜMRANİYE-ÇAKMAK-DUDULLU-ÇEKMEKÖY,ÜMRANİYE - DUDULLU - ÇEKMEKÖY - ŞAHİNBEY,,9,,,
7188,37,ŞİŞLİ-CENGİZ TOPEL CD-YUNUS EMRE MAHALLESİ,ŞİŞLİ - ŞİŞHANE - KARAYOLLARI - İMAR BLOKLARI,,9,,,
7288,37,TOPKAPI-ALİBEYKÖY-SAYA YOKUŞU-KARAYOLARI,KARAYOLLARI-İ.H.L - ALİBEYKÖY - EYÜP - EDİRNEKAPI -TOPKAPI,,9,,,
7350,37,AVCILAR-TOKAT MAH-BALIK YOLU,KÜÇÜKÇEKMECE - AVCILAR -  BALIK YOLU - ÖRNEK MH.,,9,,,
7402,37,BOSTANCI-K.BAKKALKÖY-KAYIŞDAĞI-DUDULLU,BOSTANCI - DUDULLU,,9,,,
7454,37,BAKIRKÖY-YENİMAHALLE-OTOGAR,BAKIRKÖY - ESENLER - ATIŞALANI - OTOGAR,,9,,,
7428,37,EMLAK KONUTLARI-AYDINTEPE MAH.YAYLA MAH.VİA MARİNA,PENDİK - TUZLA,,9,,,
7222,37,AVCILAR-KIRAÇ2,AVCILAR - ESENYURT,,9,,,
7205,37,KÜÇÜKÇEKMECE-K.SULTAN SÜLEYMAN HAS. -ŞAHİNTEPE 2,KULELİ - GÜVERCİNTEPE - ŞAHİNTEPE - TAHTAKALE,,9,,,
7180,37,ŞİŞLİ-KAĞITHANE-ABDURRAHMAN MH-BAŞAK KONUTLARI,ŞİŞLİ - KAĞITHANE - GÜZELTEPE - ABDURAHMAN MH.,,9,,,
7440,37,BAKIRKÖY-MERTER-TOPKAPI,BAKIRKÖY - METRO - TOPKAPI,,9,,,
7196,37,BAKIRKÖY-ATAKÖY-Y.BOSNA METRO,BAKIRKÖY - ATAKÖY,,9,,,
7357,37,KARTAL-KARTAL CEZAEVİ-YAYALAR MAHALLESİ,KARTAL - HÜRRİYET MH. - KARTAL CEZAEV,,9,,,
7514,37,DEMİRCİKÖY-H.OSMAN METRO-KAYMAKAMLIK(Ring),KAYMAKAMLIK(Ring),,9,,,
7212,37,BEŞYOL - FLORYA,BEŞYOL - FLORYA,,9,,,
7272,37,CEVATPAŞA -EYÜP,CEVATPAŞA - B.PAŞA - OTOGAR - EYÜP - EDİRNEKAPI,,9,,,
7342,37,PENDİK-MARMARA ÜNV. PENDİK EĞT. VE ARŞ HAS. 3,PENDİK - KAYNARCA - ESENYALI MH.,,9,,,
7311,37,TOPKAPI-YENİHAL-TULUMBA,100.YIL - ATIŞALANI - ESENLER - TOPKAPI,,9,,,
7279,37,AĞVA-BUCAKLI-ÇELEBİKÖY,AĞVA - BUCAKLI-ÇELEBİKÖY,,9,,,
7107,37,İNCİRLİ-ÇAVUŞPAŞA,ÇAVUŞPAŞA-BAHÇELİEVLER-İNCİRLİ,,9,,,
7386,37,BÜYÜKÇEKMECE-KARAAĞAÇ,BÜYÜKÇEKMECE - BEYKENT,,9,,,
7422,37,BAHÇELİEVLER METRO İST-KALE İŞ M-BAĞCILAR 3,TOPKAPI - YAYLA - ÇAVUŞPAŞA - OTOSANAYİ,,9,,,
7320,37,EMLAK KONUT-AYDINTEPE MAH.YAYLA MAH.VİA MARİNA,TERSANELER - TUZLA - AYDINLI - ORHANLI,,9,,,
7231,37,TOPKAPI-İKİTELLİ-DEPREM KONUTLARI-KAYAŞEHİR,TOPKAPI - OTOGAR - M. AKİF MAH - DEPREM KONUTLARI,,9,,,
7296,37,BAKIRKÖY-ŞİRİNEVLER-İKİTELLİ KÖYİÇİ,BAKIRKÖY - İKİTELLİ - MAHMUTBEY,,9,,,
7371,37,KOCATEPE-FABRİKALAR,CEVATPAŞA - B.PAŞA - OTOGAR - EYÜP - EDİRNEKAPI,,9,,,
7367,37,VİA-PORT-SULTANBEYLİ-DUDULLU,SULTANBEYLİ - SARIGAZİ - DUDULLU,,9,,,
7119,37,KÜÇÜKÇEKMECE-AVCILAR-AMBARLI-İNSA SİTESİ,KÜÇÜKÇEKMECE - AVCILAR - BEYLİKDÜZÜ,,9,,,
7334,37,PENDİK-PENDİK EĞİTİM VE ARAŞTIRMA HASTANESİ-KİPTAŞ,PENDİK - KURTKÖY - HARMANDERE - ORHANLI,,9,,,
7356,37,KARTAL-HÜRRİYET MAHALLESİ,KARTAL - HÜRRİYET MH. - KARTAL CEZAEVİ,,9,,,
7374,37,ÇAYIROVA KAVŞAĞI-HAREM,GEBZE - HAREM,,9,,,
7462,37,BÜYÜKÇEKMECE-MİMAROBA,BÜYÜKÇEKMECE - MİMARSİNAN,,9,,,
7285,37,GAZİ MH.-TOPKAPI 2,GAZİ MAHALLESİ - CEBECİ - KÜÇÜKKÖY - EDİRNEKAPI,,9,,,
7384,37,KADIKÖY-YENİSAHRA-ARMAĞANEVLER-YUKARI DUDULLU,KADIKÖY - YENİSAHRA - ARMAĞANEVLER,,9,,,
7226,37,AVCILAR - BALIKYOLU,AVCILAR - ESENYURT,,9,,,
7390,37,MALTEPE-GÜLENSU,MALTEPE - GÜLSUYU - GÜLENSU,,9,,,
7293,37,TOPKAPI-ESENLER-ATIŞALANI-TEPE,100.YIL - ATIŞALANI - ESENLER - TOPKAPI,,9,,,
7122,37,K.ÇEKMECE-AVCILAR-İ. MARMARA EVLERİ KAVAKLI KENT,KÜÇÜKÇEKMECE - AVCILAR - BEYLİKDÜZÜ,,9,,,
7120,37,KÜÇÜKÇEKMECE-AVCILAR-SİTELER (REŞİT PAŞA CAD.),KÜÇÜKÇEKMECE - AVCILAR - BEYLİKDÜZÜ,,9,,,
7388,37,ÜSKÜDAR-ÜMRANİYE-ALEMDAĞ,ÜSKÜDAR - ÜMRANİYE - ALEMDAĞ,,9,,,
7117,37,KÜÇÜKÇEKMECE-AVCILAR-CİHANGİR MH.,KÜÇÜKÇEKMECE - AVCILAR - BEYLİKDÜZÜ,,9,,,
7113,37,BAKIRKÖY – SOĞANLI-BAKIRKÖY,BAKIRKÖY - BAĞCILAR - KEMALPAŞA MH. - ŞİRİNEVLER,,9,,,
7465,37,BÜYÜKÇEKMECE-MURATÇEŞME,BÜYÜKÇEKMECE - MİMARSİNAN,,9,,,
7108,37,BAKIRKÖY – BAĞCILAR – KEMALPAŞA GÜZERGAHI-2,BAKIRKÖY - BAĞCILAR - KEMALPAŞA MH. - ŞİRİNEVLER,,9,,,
7183,37,İKİTELLİ ORG.S-MEHMET AKİF MH.-GÖZTEPE MH.-OTOGAR,TOPKAPI - OTOGAR - M. AKİF MAH - DEPREM KONUTLARI,,9,,,
7344,37,MALTEPE-ZÜMRÜTEVLER-NARLIDERE,MALTEPE - ZÜMRÜTEVLER,,9,,,
7236,37,PENDİK-MARMARA ÜNV. PENDİK EĞT. VE ARŞ HAS. 1,PENDİK - AYDOS - HİLAL KONUTLARI,,9,,,
7291,37,KARTAL-YAKACIK-UĞUR-MUMCU (İÇİ)-ORTADAĞ-AKPINARMAH. SAMANDIRA-YENİDOĞAN,KARTAL-SOĞANLIK-YAKACIK-AKPINARMAH.-SAMANDIRA-YENİDOĞAN,,9,,,
7152,37,TOPKAPI-OYAK SİTESİ-SEYRANTEPE,TOPKAPI - OYAK SİTESİ - SEYRANTEPE,,9,,,
7148,37,TAHTAKALE-YÜZYIL,KULELİ - DEPREM KONUTLARI - ONURKENT - KAYAŞEHİR,,9,,,
7251,37,TERSANELER-İÇMELER-AYDINLI-ORHANLI(ORTA MAH),TERSANELER - TUZLA - AYDINLI - ORHANLI,,9,,,
7235,37,KULELİ - KAYAŞEHİR,KULELİ - GÜVERCİNTEPE - ŞAHİNTEPE - TAHTAKALE,,9,,,
7176,37,ŞİŞLİ-KAĞITHANE-GÜZELTEPE,ŞİŞLİ - KAĞITHANE - GÜZELTEPE - ABDURAHMAN MH.,,9,,,
7187,37,DEPREM KONUTLARI-İKİTELLİ-İSTOÇ-OTOGAR,TOPKAPI - OTOGAR - M. AKİF MAH - DEPREM KONUTLARI,,9,,,
7442,37,TOPKAPI-YAYLA-ÇAVUŞPAŞA,TOPKAPI - YAYLA - ÇAVUŞPAŞA - OTOSANAYİ,,9,,,
7362,37,SULTANBEYLİ-KURTKÖY(1.GÜZERGAH),SULTANBEYLİ - AYDOS - YENİDOGAN -  KURTKÖY,,9,,,
7290,37,GÜZELTEPE - FİNANSKENT - A.KÖY CEP OTOGARI - GOP,KARAYOLLARI-İ.H.L - ALİBEYKÖY - EYÜP - EDİRNEKAPI -TOPKAPI,,9,,,
7125,37,İNCİRLİ-YENİBOSNA AKTARMA MERKEZİ,ÇAVUŞPAŞA-BAHÇELİEVLER-İNCİRLİ,,9,,,
7186,37,GAZİ MH.-TOPKAPI 1,CEVATPAŞA - BAYRAMPAŞA - OTOGAR - EYÜP - EDİRNEKAPI,,9,,,
7284,37,ÇAKMAK-ÇAMLIK,ÇAKMAK MH. - ÇAMLIK,,9,,,
7162,37,YAHYA KEMAL-GÜLTEPE-4.LEVENT,ŞİŞLİ - ÇAĞLAYAN - Y.KEMAL - GÜLTEPE - 4.LEVENT,,9,,,
7265,37,KÜÇÜKÇEKMECE-GÜVERCİNTEPE-KAYAŞEHİR,KÜÇÜKÇEKMECE - KAYABAŞI - TAHTAKALE,,9,,,
7343,37,KARTAL-GÜLSUYU KÖPRÜLÜ KAVŞAĞI-ESENKENT,KARTAL - ESENKENT,,9,,,
7286,37,KARTAL-YAKACIK-U.MUMCU-ORTADAĞ-SAMANDIRA-PAŞAKÖY,KARTAL -YAKACIK -SAMANDIRA -PAŞAKÖY -FERHATPAŞA,,9,,,
7138,37,AVCILAR-KARAAĞAÇ,AVCILAR - ESENYURT,,9,,,
7322,37,TOPKAPI-ESENLER-TABYA,100.YIL - ATIŞALANI - ESENLER - TOPKAPI,,9,,,
7307,37,KÜÇÜKÇEKMECE-TAHTAKALE,KÜÇÜKÇEKMECE - KAYABAŞI - TAHTAKALE,,9,,,
7276,37,ÜMRANİYE-HEKİMBAŞI,ÜMRANİYE - HEKİMBAŞI MH.,,9,,,
7508,37,H.Osman Metro -Kaymakamlık,Sarıyer-Çayırbaşı,,9,,,
7370,37,SEFAKÖY-KANARYA-BELEDİYE,KÜÇÜKÇEKMECE - SEFAKÖY - SULTAN MURAT,,9,,,
7227,37,KÜÇÜKYALI-AYDINEVLER-FINDIKLI,KÜÇÜKYALI - AYDINEVLER - FINDIKLI,,9,,,
7512,37,Gümüşdere-Kısırkaya-H.Osman Metro-Kaymakamlık,H.Osman Metro-Kaymakamlık,,9,,,
7480,37,BOSTANCI-İÇERENKÖY-ŞERİFALİ ÇİFTLİĞİ-DUDULLU,BOSTANCI - DUDULLU,,9,,,
7410,37,BEYLİKDÜZÜ BELEDİYESİ-BÜYÜKÇEKMECE ATİRUS AVM,B.ÇEKMECE - GÜRPINAR - YAKUPLU - BEYLİKDÜZÜ,,9,,,
7262,37,SEFAKÖY-BOĞAZKÖY,SEFAKÖY - KAYABAŞI - BOĞAZKÖY,,9,,,
7165,37,ŞİŞHANE-OKMEYDANI-ŞİŞLİ,ŞİŞHANE - ŞİŞLİ,,9,,,
7417,37,BOSTANCI KAVŞAĞI-İÇERENKÖY-BATI ATAŞEHİR,KADIKÖY - KÜÇÜKBAKKALKÖY,,9,,,
7270,37,CEVATPAŞA- KOCATEPE-EDİRNEKAPI,CEVATPAŞA - B.PAŞA - OTOGAR - EYÜP - EDİRNEKAPI,,9,,,
7294,37,PENDİK-HÜRRİYET MAHALLESİ-YAKACIK,PENDİK - HÜRRİYET MAHALLESİ,,9,,,
7416,37,FERHATPAŞA-BATI ATAŞEHİR,KADIKÖY - KÜÇÜKBAKKALKÖY,,9,,,
7333,37,TOPKAPI-GÜNGÖREN-BAĞCILAR-GİYİMKENT,100.YIL MH - BAĞCILAR - TOPKAPI,,9,,,
7375,37,PENDİK-450 KONUTLAR-KARTAL CEZAEVİ,PENDİK - 450.KONUTLAR - KARTAL CEZAEVİ,,9,,,
7369,37,EVREN MAH.-BAĞCILAR DEVLET HASTANE,TOPKAPI - ÇİFTLİK - FATİH MAHALLESİ - İSTOÇ,,9,,,
7335,37,PENDİK-ESENYALI MAH.,PENDİK - KAYNARCA - ESENYALI MH.,,9,,,
7128,37,ŞİRİNEVLER-ORMANTEPE SK. 2.GÜZERGAH,ÇAVUŞPAŞA-BAHÇELİEVLER-İNCİRLİ,,9,,,
7337,37,PENDİK-RAMAZANOĞLU MAH.,PENDİK - KAYNARCA - ESENYALI MH.,,9,,,
7318,37,EMLAK KONUTLARI-AYDINTEPE MAH.YAYLA MAHVİA MARİNA.,PENDİK - ŞİFA MH.,,9,,,
7372,37,CEBECİ MAH-TOPKAPI 1,CEVATPAŞA - B.PAŞA - OTOGAR - EYÜP - EDİRNEKAPI,,9,,,
7393,37,MALTEPE-FINDIKLI MAHALLESİ,MALTEPE - BAŞIBÜYÜK,,9,,,
7339,37,BAHÇELİEVLER METRO İST-KALE İŞ M-BAĞCILAR 2,100.YIL MH - BAĞCILAR - TOPKAPI,,9,,,
7147,37,Ş.EVLER-KULELİ-MASKO-AYMAKOP-ONURKENT-KAYAŞEHİR,KULELİ - DEPREM KONUTLARI - ONURKENT - KAYAŞEHİR,,9,,,
7255,37,ÜMRANİYE-ÇAKMAK-DUDULLU-ŞAHİNBEY,ÜMRANİYE - DUDULLU - ÇEKMEKÖY - ŞAHİNBEY,,9,,,
7352,37,ŞİLE-KUMBABA-MEŞRUTİYET KÖYÜ-AHMETLİ TOKİ,ŞİLE - KUMBABA - MEŞRUTİYET KÖYÜ-AHMETLİ TOKİ,,9,,,
7448,37,BAKIRKÖY-ŞİRİNEVLER-FATİH MH.,BAKIRKÖY - İKİTELLİ - MAHMUTBEY,,9,,,
7519,37,KADIKÖY-ACIBADEM-K.ÇAMLICA-BULGURLU,KADIKÖY - ACIBADEM - ÜNALAN MH. - BULGURLU MH.,,9,,,
7485,37,AĞVA - GÖÇE-GEREDELİ-KALEMKÖY,AĞVA-GÖÇE-GEREDELİ-KALEMKÖY,,9,,,
7218,37,GÜZELTEPE-İSTOÇ,KARAYOLLARI-İ.H.L - ALİBEYKÖY - EYÜP - EDİRNEKAPI -TOPKAPI,,9,,,
7447,37,İNCİRLİ- EVREN MAH-İSTOÇ,İNCİRLİ - EVREN MH. - BAĞCILAR,,9,,,
7140,37,AVCILAR-KIRAÇ,AVCILAR - ESENYURT,,9,,,
7161,37,YAHYA KEMAL- ŞİŞLİ,ŞİŞLİ - ÇAĞLAYAN - Y.KEMAL - GÜLTEPE - 4.LEVENT,,9,,,
7116,37,GOP-CENGİZ TOPEL CAD.-İMAR BLOKLARI,GAZİOSMANPAŞA – İMAR BLOKLARI,,9,,,
7163,37,YAHYA KEMAL-DERE CADDESİ-NOBEL İLAÇ FABRİKASI,ŞİŞLİ - ÇAĞLAYAN - Y.KEMAL - GÜLTEPE - 4.LEVENT,,9,,,
7241,37,SİLAHTARAĞA CAD.-GOP-OTOGAR 2,YILDIZTABYA - PAZARİÇİ - GOP - TOPKAPI,,9,,,
7361,37,EVREN MAH-BAĞCILAR DEVLET HASTANESİ,İNCİRLİ - EVREN MH. - BAĞCILAR,,9,,,
7400,37,BOSTANCI-K.BAKKALKÖY-ŞERİFALİ ÇİFTLİĞİ-DUDULLU,BOSTANCI - DUDULLU,,9,,,
7217,37,OTOGAR-BAYRAMPAŞA-KÜÇÜKKÖY-YUNUS EMRE MAH 2,CEVATPAŞA - B.PAŞA - OTOGAR - EYÜP - EDİRNEKAPI,,9,,,
7418,37,KADIKÖY-YENİSAHRA-BATI ATAŞEHİR-ARMAĞANEVLER,KADIKÖY - YENİSAHRA - ARMAĞANEVLER,,9,,,
7263,37,CEBECİ-KÜÇÜKKÖY-EYÜP,CEBECİ - GAZİ MH - KÜÇÜKKÖY - GAZİOSMANPAŞA - EYÜP,,9,,,
7247,37,KADIKÖY-CAPİTOL-EMNİYET MAHALLESİ,KADIKÖY - POLİS HASTANESİ-EMNİYET MAHALLESİ,,9,,,
7397,37,ÜSKÜDAR-BAĞLARBAŞI-KISIKLI-ÖRNEK MAH.-ESATPAŞA,ÜSKÜDAR - ÖRNEK MH. - ESATPAŞA MH.,,9,,,
7433,37,KARTAL-HÜRRİYET MAHALLESİ-AKYILMAZ KONUTLARI,KARTAL - HÜRRİYET MH. - KARTAL CEZAEVİ,,9,,,
7233,37,ÜMRANİYE-TALİMHANE-ÇENGELKÖY,ÜSKÜDAR - ÇENGELKÖY - TALİMHANE - ÜMRANİYE,,9,,,
7115,37,ESENTEPE MH. - KÜÇÜKKÖY - GAZİOSMANPAŞA-EYÜP,ESENTEPE MH. - KÜÇÜKKÖY - GAZİOSMANPAŞA-EYÜP,,9,,,
7158,37,SOĞUKSU-BASINKÖY,KÜÇÜKÇEKMECE - SEFAKÖY - SULTAN MURAT,,9,,,
7389,37,KADIKÖY-KOŞUYOLU-ÜMRANİYE,KADIKÖY - KOŞUYOLU - ÜMRANİYE,,9,,,
7254,37,TERSANE-İÇMELER KÖPRÜSÜ RİNG,TERSANELER - TUZLA - AYDINLI - ORHANLI,,9,,,
7441,37,SULTANBEYLİ-FERHATPAŞA (YEDİTEPE ÜNİVERSİTESİ),SULTANBEYLİ - SARIGAZİ - DUDULLU,,9,,,
7243,37,ÜMRANİYE-N.KEMAL-M.KML-ÖRN.MH-GÖZ.EĞ.AR.H.,ÜMRANİYE - M.KEMAL MH. - ÖRNEK MH.,,9,,,
7271,37,EDİRNEKAPI- BAYRAMPAŞA-CEVATPAŞA,CEVATPAŞA - B.PAŞA - OTOGAR - EYÜP - EDİRNEKAPI,,9,,,
7192,37,ŞİŞHANE-CENGİZ TOPEL CD-YUNUS EMRE MAHALLESİ,ŞİŞLİ - ŞİŞHANE - KARAYOLLARI - İMAR BLOKLARI,,9,,,
7281,37,SANTRAL-DUMLUPINAR-SEYRANTEPE,ÜMRANİYE(SANTRAL) - DUMLUPINAR - SEYRANTEPE,,9,,,
7382,37,KADIKÖY-KAZASKER-İÇERENKÖY-İNÖNÜ-FERHATPAŞA,KADIKÖY - KÜÇÜKBAKKALKÖY,,9,,,
7455,37,BAKIRKÖY-HASTANE-ESENLER-ATIŞALANI-1,BAKIRKÖY - ESENLER - ATIŞALANI - OTOGAR,,9,,,
7325,37,CEBECİ- GAZİOSMANPAŞA,CEBECİ - GAZİ MH - KÜÇÜKKÖY - GAZİOSMANPAŞA - EYÜP,,9,,,
7489,37,KARTAL-YAKACI -SAMANDIRA-S.BEYLİ-YENİŞEHİR VİAPORT,KARTAL-YAKACI -SAMANDIRA-S.BEYLİ-YENİŞEHİR VİAPORT,,9,,,
7166,37,OTOGAR-EDİRNEKAPI,CEVATPAŞA - BAYRAMPAŞA - OTOGAR - EYÜP - EDİRNEKAPI,,9,,,
7134,37,TOPKAPI-ALİBEYKÖY-ATATÜRK CAD.-AKŞEMSETTİN BULVARI-VİALAND,KARAYOLLARI-İ.H.L - ALİBEYKÖY - EYÜP - EDİRNEKAPI -TOPKAPI,,9,,,
7269,37,EDİRNEKAPI-HAL  (MEGA CENTER),CEVATPAŞA - B.PAŞA - OTOGAR - EYÜP - EDİRNEKAPI,,9,,,
7304,37,TOPKAPI-ÇİFTLİK-GÖZTEPE MH-İSTOÇ,TOPKAPI - ÇİFTLİK - FATİH MAHALLESİ - İSTOÇ,,9,,,
7487,37,12.GÜZERGAH,AVCILAR - ESENYURT,,9,,,
7123,37,TOPKAPI-ALİBEYKÖY-GÜZELTEPE MAH.,KARAYOLLARI-İ.H.L - ALİBEYKÖY - EYÜP - EDİRNEKAPI -TOPKAPI,,9,,,
7194,37,KADIKÖY-D-100-ÜNALAN-SOYAK-BULGURLU,KADIKÖY - ACIBADEM - ÜNALAN MH. - BULGURLU MH.,,9,,,
7446,37,İNCİRLİ-YENİMAHALLE,İNCİRLİ - EVREN MH. - BAĞCILAR,,9,,,
7435,37,DEREAĞZI MH-YAKUPLU HASIRCILAR İŞ MERKEZİ,B.ÇEKMECE - GÜRPINAR - YAKUPLU - BEYLİKDÜZÜ,,9,,,
7387,37,ÜSKÜDAR-BAĞLARBAŞI-ÜMRANİYE-DUDULLU-ALEMDAĞ,ÜSKÜDAR - ÜMRANİYE - ALEMDAĞ,,9,,,
7135,37,AVCILAR-DELİKLİKAYA,AVCILAR - ESENYURT,,9,,,
7127,37,TOPKAPI-ALİBEYKÖY-ATATÜRK CAD.-AKŞEMSETTİN BULVARI,KARAYOLLARI-İ.H.L - ALİBEYKÖY - EYÜP - EDİRNEKAPI -TOPKAPI,,9,,,
7151,37,SEFAKÖY-GÜVERCİNTEPE-KAYAŞEHİR,SEFAKÖY - KAYABAŞI - BOĞAZKÖY,,9,,,
7110,37,BAKIRKÖY – BAĞCILAR – KEMALPAŞA GÜZERGAHI-1,BAKIRKÖY - BAĞCILAR - KEMALPAŞA MH. - ŞİRİNEVLER,,9,,,
7297,37,PENDİK-AYDINLI KÖYÜ-DERİ SANAYİ-MERMERCİLER-KİMYA*,PENDİK - AYDINLI KÖYÜ - DERİ SANAYİİ,,9,,,
7395,37,KADIKÖY-ÖRNEK MAHALLESİ-MUSTAFA KEMAL MAH,KADIKÖY - ÖRNEK MH - M.KEMAL MH. - EYÜBOĞLU,,9,,,
7413,37,CENNET- TEPEÜSTÜ-KANARYA-HASTANE,KÜÇÜKÇEKMECE - SEFAKÖY - SULTAN MURAT,,9,,,
7171,37,GÖKTÜRK-EYÜP,GÖKTÜRK - KEMERBURGAZ - ALİBEYKÖY - EYÜP,,9,,,
7175,37,ÇAĞLAYAN-EDİRNEKAPI-TOPKAPI,ÇAĞLAYAN - TOPKAPI,,9,,,
7443,37,TOPKAPI-BASIN SİTESİ-RADAR,TOPKAPI - YAYLA - ÇAVUŞPAŞA - OTOSANAYİ,,9,,,
7391,37,MALTEPE-GÜLSUYU-GÜLENSU,MALTEPE - GÜLSUYU - GÜLENSU,,9,,,
7331,37,PENDİK-MARMARA ÜNV. PENDİK EĞT. VE ARŞ HAS. 2,PENDİK - KURTKÖY - HARMANDERE - ORHANLI,,9,,,
7439,37,BAKIRKÖY-ADLİYE-METRO,BAKIRKÖY - METRO - TOPKAPI,,9,,,
7445,37,İNCİRLİ-BARBAROS MAH.,İNCİRLİ - EVREN MH. - BAĞCILAR,,9,,,
7111,37,BAKIRKÖY – ŞİRİNEVLER,BAKIRKÖY - BAĞCILAR - KEMALPAŞA MH. - ŞİRİNEVLER,,9,,,
7299,37,TOPKAPI-ATEŞTUĞLA-EVREN MH.,TOPKAPI - ÇİFTLİK - FATİH MAHALLESİ - İSTOÇ,,9,,,
7305,37,İSTOÇ-BAĞCILAR DEVLET HASTANESİ,TOPKAPI - ÇİFTLİK - FATİH MAHALLESİ - İSTOÇ,,9,,,
7488,37,BEZMİALEM VAKIF ÜNV. HASTANESİ - GÜLSUYU - GÜLENSU,MALTEPE - GÜLSUYU - GÜLENSU,,9,,,
7258,37,PENDİK-GÖZDAĞI,PENDİK - GÖZDAĞI,,9,,,
7234,37,PENDİK-AYDOS-HİLAL KONUTLARI,PENDİK - AYDOS - HİLAL KONUTLARI,,9,,,
7481,37,ŞİLE MERKEZ RİNG,ŞİLE MERKEZ RİNG - PLAJ,,9,,,
7156,37,ŞİŞLİ-ZİNCİRLİDERE,ŞİŞLİ - ÇAĞLAYAN - Y.KEMAL - GÜLTEPE - 4.LEVENT,,9,,,
7287,37,KARTAL-YAKACIK-U.MUMCU-BÜYÜK BAKKKALKÖY-FERHATPAŞA,KARTAL -YAKACIK -SAMANDIRA -PAŞAKÖY -FERHATPAŞA,,9,,,
7359,37,SULTANBEYLİ-YENİDOĞAN,SULTANBEYLİ - AYDOS - YENİDOGAN -  KURTKÖY,,9,,,
7315,37,KULELİ-SANAYİ-TGRT-1,KULELİ - TGRT - İSTOÇ - GİYİMKENT,,9,,,
7379,37,KADIKÖY-YAKACIK-UĞUR MUMCU,KADIKÖY - YAKACIK - UĞUR MUMCU MH.,,9,,,
7484,37,KARTAL-KARLIKTEPE MH.LÜTFİ KIRDAR-EĞT.VE ARAŞT.HAS.,KARTAL-KARLIKTEPE MH.LÜTFİ KIRDAR-EĞT.VE ARAŞT.HAS.,,9,,,
7132,37,TOPKAPI-ALİBEYKÖY-İMAR BLOKLARI,KARAYOLLARI-İ.H.L - ALİBEYKÖY - EYÜP - EDİRNEKAPI -TOPKAPI,,9,,,
7210,37,MERTER - ÇİNÇİN DERESİ - KARABAYIR - GİYİMKENT,MERTER - ÇİNÇİN DERESİ - KARABAYIR - GİYİMKENT,,9,,,
7277,37,ÜMRANİYE-İNKILAP MAH.-ERCAN,ÜMRANİYE - İNKILAP MH. - ERCAN,,9,,,
7167,37,ŞİŞHANE-PİYALEPAŞA BULVARI-ŞİŞLİ,ŞİŞHANE - ŞİŞLİ,,9,,,
7195,37,ŞİŞLİ-YEŞİLPINAR-VİALAND,ŞİŞLİ - ŞİŞHANE - KARAYOLLARI - İMAR BLOKLARI,,9,,,
7477,37,ŞİLE-KARAMANDERE-İMRENDERE-OVACIK,ŞİLE - KARAMANDERE-İMRENDERE-OVACIK,,9,,,
7114,37,BAKIRKÖY - YEŞİLYURT - YEŞİLKÖY,BAKIRKÖY - YEŞİLYURT - YEŞİLKÖY,,9,,,
7136,37,AVCILAR-BOĞAZKÖY,AVCILAR - ESENYURT,,9,,,
7146,37,ŞİRİNEVLER-KULELİ-ZEYNEBİYYE-DEPREM KON.-KAYAŞEHİR,KULELİ - DEPREM KONUTLARI - ONURKENT - KAYAŞEHİR,,9,,,
7461,37,2. GÜZERGAH,BÜYÜKÇEKMECE - KUMBURGAZ,,9,,,
7252,37,KADIKÖY-POLİS HAST.,KADIKÖY - POLİS HASTANESİ-EMNİYET MAHALLESİ,,9,,,
7340,37,EYÜP-İSTOÇ,YILDIZTABYA - PAZARİÇİ - GOP - TOPKAPI,,9,,,
7349,37,TOPKAPI-BAĞCILAR-OTOCENTER,TOPKAPI - ÇİFTLİK - FATİH MAHALLESİ - İSTOÇ,,9,,,
7240,37,ÜSKÜDAR-KOZYATAĞI-ATAŞEHİR,ÜSKÜDAR - ATAŞEHİR-FERHATPAŞA,,9,,,
7486,37,EYÜP - GAZİOSMANPAŞA - BAYRAMPAŞA,EYÜP - ÜÇŞEHİTLER-GAZİOSMANPAŞA - BAYRAMPAŞA,,9,,,
7189,37,YILDIZTABYA-GOP-TOPKAPI,YILDIZTABYA- PAZARİÇİ- GOP- TOPKAPI,,9,,,
7404,37,1. GÜZERGAH,BÜYÜKÇEKMECE - ESENYURT,,9,,,
7185,37,TOPKAPI-AYAZMA-BAĞCILAR 2,100.YIL MH - BAĞCILAR - TOPKAPI,,9,,,
7213,37,BAĞCILAR - HABİBLER,BAĞCILAR - HABİBLER,,9,,,
7199,37,GÜNEŞLİ-MAHMUTBEY-SULTANÇİFTLİĞİ,MAHMUTBEY - SULTANÇİFTLİĞİ,,9,,,
7242,37,ÜSKÜDAR- BATI ATAŞEHİR-ATAŞEHİR-FERHATPAŞA,ÜSKÜDAR - ATAŞEHİR-FERHATPAŞA,,9,,,
7193,37,ŞİŞLİ-ALİBEYKÖY-İMAR BLOKLARI,ŞİŞLİ - ŞİŞHANE - KARAYOLLARI - İMAR BLOKLARI,,9,,,
7178,37,İKİTELLİ ORG.SAN.-M. AKİF MH.-GÖZTEPE MH.-TOPKAPI,TOPKAPI - OTOGAR - M. AKİF MAH - DEPREM KONUTLARI,,9,,,
7228,37,AVCILAR - HARAMİDERE,AVCILAR - ESENYURT,,9,,,
7467,37,BÜYÜKÇEKMECE-ESENYURT,BÜYÜKÇEKMECE - ESENYURT,,9,,,
7150,37,ELMALI-BEYKOZ-DEDEOĞLU,ELMALI - BEYKOZ - DEDEOĞLU,,9,,,
7259,37,KARTAL-ESENTEPE-DEVLET HASTANESİ-SOĞANLIK-YENİ MH,KARTAL - ESENTEPE - DEVLET HASTANESİ,,9,,,
7201,37,KÜÇÜKÇEKMECE - SEFAKÖY - TEVFİKBEY MAH.,KÜÇÜKÇEKMECE - SEFAKÖY - TEVFİKBEY MAH.,,9,,,
7200,37,KULELİ - YENİDOĞAN,KULELİ - YENİDOĞAN,,9,,,
7426,37,OTOGAR-BAYRAMPAŞA-KÜÇÜKKÖY-YUNUS EMRE MAH 1,CEVATPAŞA - B.PAŞA - OTOGAR - EYÜP - EDİRNEKAPI,,9,,,
7381,37,KADIKÖY-TÜCCARBAŞI-KAZASKER-İÇERENKÖY-K.BAKKALKÖY,KADIKÖY - KÜÇÜKBAKKALKÖY,,9,,,
7214,37,PAŞAÇAYIRI-BAĞCILAR HASTANE,BAĞCILAR - HABİBLER,,9,,,
7292,37,PENDİK-TOPSELVİ,PENDİK - TOPSELVİ,,9,,,
7399,37,PASABAHÇE-SOĞUKSU-ACARKENT,PASABAHÇE - SOĞUKSU - ACARKENT,,9,,,
7280,37,NUR SİTESİ-TOPKAPI 2,GAZİ MAHALLESİ - CEBECİ - KÜÇÜKKÖY - EDİRNEKAPI,,9,,,
7363,37,BÜYÜKÇEKMECE-BEYKENT,BÜYÜKÇEKMECE-BEYKENT,,9,,,
7457,37,BAKIRKÖY-KULELİ-İSTOÇ,KULELİ - İSTOÇ,,9,,,
7414,37,YAKUPLU(İHLAS MARMARA 1.ETAP)-TÜYAP-BÜYÜKÇEKMECE,B.ÇEKMECE - GÜRPINAR - YAKUPLU - BEYLİKDÜZÜ,,9,,,
7225,37,ÜMRANİYE DEVLET HASTANESİ-IHLAMURKUYU MH-BİRLİK MH,IHLAMURKUYU MH. - BİRLİK MH.,,9,,,
7392,37,MALTEPE-BAŞIBÜYÜK,MALTEPE - BAŞIBÜYÜK,,9,,,
7314,37,DEPREM KONUTLARI-M.AKİF MH-KÜÇÜKÇEKMECE,KÜÇÜKÇEKMECE MEHMET AKİF MAH- İKİTELLİ,,9,,,
7332,37,PENDİK-PENDİK EĞİTİM VE ARAŞTIRMA HASTANESİ-403 K*,PENDİK - KURTKÖY - HARMANDERE - ORHANLI,,9,,,
7245,37,ÜSKÜDAR-KOŞUYOLU-ACIBADEM,ÜSKÜDAR - KOŞUYOLU - ACIBADEM,,9,,,
7326,37,TOPKAPI-ESENLER-ATIŞALANI-GİYİMKENT,100.YIL - ATIŞALANI - ESENLER - TOPKAPI,,9,,,
7298,37,MALTEPE-ESENKENT,MALTEPE-ESENKENT,,9,,,
7398,37,ÜSKÜDAR-ÜMRANİYE-TAVUKÇUYOLU-ALEMDAĞ ÜSKÜDAR-ZEYNEP KAMİL ÖRNEK MAHALLESİ-ESATPAŞA,ÜSKÜDAR - ÖRNEK MH. - ESATPAŞA MH.,,9,,,
7224,37,AVCILAR-ESENYURT-HADIMKÖY,AVCILAR - ESENYURT,,9,,,
7501,37,TARABYAÜSTÜ-İSTİNYE-İSTİNYE PARK AVM,SARIYER BÖLGE ÇALIŞMA GRUBU,,9,,,
7191,37,PAZARİÇİ-GOP-TOPKAPI,YILDIZTABYA- PAZARİÇİ- GOP- TOPKAPI,,9,,,
3781,19,AKSARAY-REFİK SAYDAM CAD-TAKSİM,AKSARAY - TAKSİM,,10,,,
3750,19,YENİBOSNA - D100 KARAYOLU- TAKSİM,YENİBOSNA - TAKSİM,,10,,,
3739,19,BAKIRKÖY -D100 KARAYOLU- ŞİŞLİ,BAKIRKÖY - ŞİŞLİ,,10,,,
3776,19,TOPKAPI - TURGUT ÖZAL MİLLET CAD- TAKSİM,TOPKAPI - TAKSİM,,10,,,
3795,19,KADIKÖY -TOPHANELİOĞLU CAD- NİŞANTAŞI,KADIKÖY - NİŞANTAŞI,,10,,,
3799,19,BAKIRKÖY -D100 KARAYOLU- TAKSİM,BAKIRKÖY - TAKSİM,,10,,,
3773,19,YEŞİLKÖY - SAHİL YOLU- TAKSİM,YEŞİLKÖY - TAKSİM,,10,,,
7451,19,KADIKÖY-ATAŞEHİR,KADIKÖY-ATAŞEHİR,,10,,,
3803,19,ÜSKÜDAR - ABDULLAH AĞA CAD- BEYKOZ,ÜSKÜDAR - BEYKOZ,,10,,,
3780,19,KADIKÖY - BAĞDAT CAD- BOSTANCI,KADIKÖY - BOSTANCI,,10,,,
3778,19,AKSARAY-ÖMER HAYYAM CAD-TAKSİM,AKSARAY - TAKSİM,,10,,,
3772,19,BEŞİKTAŞ -SÜLEYMAN SEBA CAD- TAKSİM,BEŞİKTAŞ - TAKSİM,,10,,,
3788,19,BAĞLARBAŞI -NUHKUYUSU CAD- KADIKÖY,BAĞLARBAŞI - KADIKÖY,,10,,,
3794,19,BEŞİKTAŞ -CUMHURİYET CAD- HARBİYE,BEŞİKTAŞ - HARBİYE,,10,,,
3757,19,BOSTANCI -D100 KARAYOLU -TAKSİM,BOSTANCI - TAKSİM,,10,,,
3747,19,BOSTANCI -TURGUT ÖZAL BLV- PENDİK,BOSTANCI - PENDİK,,10,,,
3783,19,BEŞİKTAŞ -SÜLEYMAN SEBA CAD- HARBİYE,BEŞİKTAŞ - HARBİYE,,10,,,
3800,19,ÇEKMEKÖY - ŞİLE YOLUKADIKÖY,ÇEKMEKÖY - KADIKÖY,,10,,,
3761,19,ÜSKÜDAR-CUMHURİYET CAD- BAĞLARBAŞI,ÜSKÜDAR-BAĞLARBAŞI,,10,,,
3806,19,YENİBOSNA - SAHİL YOLU- TAKSİM,YENİBOSNA - TAKSİM,,10,,,
3741,19,CEVİZLİBAĞ - ADNAN MENDERES VATAN BLV- TAKSİM,CEVİZLİBAĞ - TAKSİM,,10,,,
3779,19,ÜSKÜDAR - GÜNDOĞUMU CAD- KADIKÖY,ÜSKÜDAR - KADIKÖY,,10,,,
3782,19,ÜSKÜDAR - EMNİYET MAHALLESİ,ÜSKÜDAR - EMNİYET MAHALLESİ,,10,,,
3754,19,FLORYA -D100 KARAYOLU- TAKSİM,FLORYA - TAKSİM,,10,,,
3771,19,FLORYA -SAHİL YOLU- TAKSİM,FLORYA - TAKSİM,,10,,,
3738,19,K.M.PAŞA -BAHRİYE CAD- TAKSİM,K.M.PAŞA - TAKSİM,,10,,,
3751,19,TEŞVİKİYE - KADIRGALAR CAD-TAKSİM,TEŞVİKİYE - TAKSİM,,10,,,
3797,19,BOSTANCI - BAĞDAT CAD - TAKSİM,BOSTANCI - TAKSİM,,10,,,
7079,19,BEŞİKTAŞ - ETİLER METRO,BEŞİKTAŞ-KURUÇEŞME-BEBEK-BEBEK YOKUŞU-ETİLER METRO,,10,,,
3791,19,BAKIRKÖY -DARULACEZE CAD- ŞİŞLİ,BAKIRKÖY - ŞİŞLİ,,10,,,
3790,19,EMİNÖNÜ - REFİK SAYDAM CAD-NİŞANTAŞI,EMİNÖNÜ - NİŞANTAŞI,,10,,,
3743,19,ÇEKMEKÖY - ŞAHİNBEY CAD-KADIKÖY,ÇEKMEKÖY - KADIKÖY,,10,,,
7077,19,BEŞİKTAŞ - NİSPETİYE METRO,BEŞİKTAŞ-ORTAKÖY-PORTAKAL YOKUŞU-NİSPETİYE METRO,,10,,,
3755,19,KADIKÖY - D100 KARAYOLU-TAKSİM,KADIKÖY - TAKSİM,,10,,,
3744,19,SÖĞÜTLEŞME METROBÜS - SÖGÜTLÜÇEŞME CAD- BOSTANCI,SÖĞÜTLÜÇEŞME METROBÜ  - BOSTANCI,,10,,,
3785,19,ATAŞEHİR - TAKSİM,ATAŞEHİR - TAKSİM,,10,,,
3793,19,KADIKÖY -MÜNİR NURETTİN SELCUK CAD- BOSTANCI,KADIKÖY - BOSTANCI,,10,,,
3798,19,ÜSKÜDAR - İCADİYE CAD- BEYKOZ,ÜSKÜDAR - BEYKOZ,,10,,,
3749,19,KADIKÖY - NUHKUYUSU CAD-TAKSİM,KADIKÖY - TAKSİM,,10,,,
3789,19,BAĞLARBAŞI - DR BURHANETTİN ÜSTÜNEL SK-KADIKÖY,BAĞLARBAŞI - KADIKÖY,,10,,,
3762,19,KADIKÖY -D100 KARAYOLU- NİŞANTAŞI,KADIKÖY - NİŞANTAŞI,,10,,,
3765,19,BOSTANCI - ANKARA CAD - PENDİK,BOSTANCI - PENDİK,,10,,,
3775,19,SÖĞÜTLEŞME METROBÜS- BAĞDAT CAD - BOSTANCI,SÖĞÜTLÜÇEŞME METROBÜ  - BOSTANCI,,10,,,
3805,19,EMİNÖNÜ - SAHİL YOLU-NİŞANTAŞI,EMİNÖNÜ - NİŞANTAŞI,,10,,,
3745,19,BAKIRKÖY -SAHİL YOLU-TAKSİM,BAKIRKÖY - TAKSİM,,10,,,
7076,19,ATAŞEHİR - UZUNÇAYIR,ATAŞEHİR - UZUNÇAYIR,,10,,,
3746,19,YEŞİLKÖY - D100 KARAYOLU- TAKSİM,YEŞİLKÖY - TAKSİM,,10,,,
3740,19,ÇEKMEKÖY - ÜSKÜDAR,ÇEKMEKÖY - ÜSKÜDAR,,10,,,
3786,19,K.M.PAŞA -REFİK SAYDAM CAD- TAKSİM,K.M.PAŞA - TAKSİM,,10,,,
3766,19,BEŞİKTAŞ -DOLMABAHÇE CAD- TAKSİM,BEŞİKTAŞ - TAKSİM,,10,,,
3777,19,TEŞVİKİYE - ABDİ İPEKÇİ CAD- TAKSİM,TEŞVİKİYE - TAKSİM,,10,,,
3753,19,CEVİZLİBAĞ - TURGUT ÖZAL MİLLET CAD-TAKSİM,CEVİZLİBAĞ - TAKSİM,,10,,,
3796,19,EMİNÖNÜ -SAHİL YOLU- ŞİŞLİ,EMİNÖNÜ - ŞİŞLİ,,10,,,
3774,19,ÜSKÜDAR-GAZİ CAD- BAĞLARBAŞI,ÜSKÜDAR-BAĞLARBAŞI,,10,,,
3742,19,ÜSKÜDAR - HALK  CAD- KADIKÖY,ÜSKÜDAR - KADIKÖY,,10,,,
7081,19,KASIMPAŞA - PANGALTI,KASIMPAŞA - PANGALTI,,10,,,
3752,19,TOPKAPI - ADNAN MENDERES VATAN BLV- TAKSİM,TOPKAPI - TAKSİM,,10,,,
3764,19,EMİNÖNÜ - REFİK SAYDAM CAD-ŞİŞLİ,EMİNÖNÜ - ŞİŞLİ,,10,,,
806,6,BĞZ-2,BOĞAZDAN GELİŞ,,4,,,
824,6,BĞZ-3,BOĞAZDAN GELİŞ,,4,,,
7506,6,ADA-EMN,ADALAR - EMİNÖNÜ (KADIKÖY UĞRAMASIZ),,4,http://www.sehirhatlari.com.tr/tr/seferler/,,
2052,6,ADA - BOS,ADALAR - BOSTANCI,,4,,,
818,6,BĞZ-21,BOĞAZA GİDİŞ,,4,,,
7495,6,LALE FST,LALE FESTİVALİ(Kadıköy-Üsküdar-Emirgan),,4,http://www.sehirhatlari.com.tr/tr/seferler/,,
7494,6,AKV-ÜSK,ANADOLU KAVAĞI - ÜSKÜDAR,,4,http://www.sehirhatlari.com.tr/tr/seferler/,,
811,6,BĞZ-22,BOĞAZA GİDİŞ,,4,,,
808,6,BĞZ-8,BOĞAZDAN GELİŞ,,4,,,
2059,6,SRY-RMK-AKV,SARIYER-RUMELİ KAVAĞI-ANADOLU KAVAĞI,,4,,,
2057,6,BĞZ-24,BOĞAZA GİDİŞ,,4,,,
833,6,ÜSK-EYP,ÜSKÜDAR-KARAKÖY-EMİNÖNÜ-EYÜP (HALİÇ HATTI),,4,,,
7045,6,ÜSK - ORT,ÜSKÜDAR - ORTAKÖY,,4,http://www.sehirhatlari.istanbul/tr/seferler/uskudar-ortakoy-4483.html,,
2064,6,ÇNGK-EMGN,ÇENGELKÖY - EMİRGAN,,4,,,
807,6,BĞZ-17,BOĞAZA GİDİŞ,,4,,,
832,6,BĞZ-20,BOĞAZA GİDİŞ,,4,,,
804,6,BĞZ-23,BOĞAZA GİDİŞ,,4,,,
7505,6,EMN-KDK-ADA,EMİNÖNÜ - YENİKADIKÖY - ADALAR,,4,http://www.sehirhatlari.com.tr/tr/seferler/,,
817,6,BĞZ-6,BOĞAZDAN GELİŞ,,4,,,
7496,6,ERGVN,ERGUVAN TURU,,4,http://www.sehirhatlari.com.tr/tr/seferler/,,
7493,6,KISA BĞZ,KISA BOĞAZ TURU,,4,http://www.sehirhatlari.com.tr/tr/seferler/,,
7503,6,BYK-ÜSK,BEYKOZ - ÜSKÜDAR,,4,http://www.sehirhatlari.com.tr/tr/seferler/,,
810,6,BĞZ-9,BOĞAZDAN GELİŞ,,4,,,
7492,6,KRK-EMN-KDK,KARAKÖY-EMİNÖNÜ-KADIKÖY,,4,http://www.sehirhatlari.com.tr/tr/seferler/,,
831,6,BĞZ-16,BOĞAZA GİDİŞ,,4,,,
7502,6,BĞZ-25,BOĞAZA GİDİŞ,,4,http://www.sehirhatlari.com.tr/tr/seferler/,,
2063,6,ÇNGK-iST,ÇENGELKÖY - İSTİNYE,,4,,,
2068,6,EMGN-ÇNGK,EMİRGAN-ÇENGELKÖY,,4,,,
7504,6,SRY-EMN,SARIYER - EMİNÖNÜ,,4,http://www.sehirhatlari.com.tr/tr/seferler/,,
7491,6,KDK-KRK-EMN,KADIKÖY-KARAKÖY-EMİNÖNÜ,,4,http://www.sehirhatlari.istanbul/tr/seferler/,,
26715,6,BOS-ADA,BOSTANCI - ADALAR (BÜYÜKADA - HEYBELİADA),,4,http://www.sehirhatlari.istanbul/tr/seferler/bostanci-adalar-370.html,,
26716,6,KBTŞ-EMN-KDK-ADA,KABATAŞ - EMİNÖNÜ - KADIKÖY - ADALAR,,4,http://www.sehirhatlari.istanbul/tr/seferler/kabatas-eminonu-kadikoy-adalar-369.html,,
813,6,BĞZ-15,BOĞAZA GİDİŞ,,4,,,
26717,6,BŞK-ADA,BEŞİKTAŞ-KINALIADA-BURGAZADA,,4,http://www.sehirhatlari.istanbul/tr/seferler/besiktas-kinaliada-burgazada-3486.html,,
26718,6,BŞK-ADA_2,BEŞİKTAŞ-KINALIADA-BURGAZADA,,4,http://www.sehirhatlari.istanbul/tr/seferler/besiktas-kinaliada-burgazada-3486.html,,
26719,6,BŞK-BYKADA,BEŞİKTAŞ-HEYBELİADA-BÜYÜKADA,,4,http://www.sehirhatlari.istanbul/tr/seferler/besiktas-heybeliada-buyukada-3487.html,,
26722,6,BYKADA-HYBADA,HEYBELİADA-BÜYÜKADA,,4,http://www.sehirhatlari.istanbul/tr/seferler/bostanci-adalar-ring-hatti-9504.html,,
2054,6,EMN-ADA,EMİNÖNÜ - ADALAR,,4,,,
26721,6,BOS-ADA_RING,BOSTANCI-ADALAR RING,,4,http://www.sehirhatlari.istanbul/tr/seferler/bostanci-adalar-ring-hatti-9504.html,,
2065,6,ARNK - İST,ARNAVUTKÖY - İSTİNYE,,4,,,
7060,6,BOS-KRK-KBTŞ,BOSTANCI - KARAKÖY - KABATAŞ,,4,http://www.sehirhatlari.istanbul/tr/seferler/bostanci-karakoy-6498.html,,
826,6,KDK-EMN,KADIKÖY-EMİNÖNÜ,,4,,,
802,6,KRK-KDK,KARAKÖY-KADIKÖY,,4,,,
815,6,BĞZ-12,BOĞAZDAN GELİŞ,,4,,,
836,6,EMN-ADA-BOST,EMİNÖNÜ - ADALAR - BOSTANCI,,4,,,
2061,6,KÇS-İST,KÜÇÜKSU - İSTİNYE,,4,,,
820,6,BĞZ-1,BOĞAZDAN GELİŞ,,4,,,
2062,6,KDK-BŞK-İST-SRY,KADIKÖY-SARIYER,,4,,,
828,6,BĞZ-4,BOĞAZDAN GELİŞ,,4,,,
814,6,BĞZ-7,BOĞAZDAN GELİŞ,,4,,,
816,6,KCS-BŞK,KÜÇÜKSU-BEŞİKTAŞ,,4,,,
2070,6,UZUN-BĞZ,UZUN BOĞAZ TURU,,4,,,
821,6,BĞZ-18,BOĞAZA GİDİŞ,,4,,,
2060,6,SRY-AKV,SARIYER-ANADOLU KAVAĞI,,4,,,
803,6,BĞZ-13,BOĞAZDAN GELİŞ,,4,,,
7497,6,RKVK-EMN,RUMELİ KAVAĞI - EMİNÖNÜ,,4,http://www.sehirhatlari.com.tr/tr/seferler/,,
2069,6,EMGN-BBK,EMİRGAN - BEBEK,,4,,,
2067,6,EMGN-ARNK,EMİRGAN-ARNAVUTKÖY,,4,,,
830,6,ÜSK-EMN,ÜSKÜDAR-EMİNÖNÜ,,4,,,
7044,6,İST - ÇBK,İSTİNYE - ÇUBUKLU (Arabalı Vapur),,4,http://www.sehirhatlari.istanbul/tr/seferler/istinye-cubuklu-arabali-4496.html,,
2066,6,EMGN-İST-ÇNGK,EMİRGAN-İSTİNYE-ÇENGELKÖY,,4,,,
809,6,KDK-BŞK,KADIKÖY-BEŞİKTAŞ,,4,,,
823,6,BĞZ-11,BOĞAZDAN GELİŞ,,4,,,
805,6,BĞZ-19,BOĞAZA GİDİŞ,,4,,,
822,6,BĞZ-5,BOĞAZDAN GELİŞ,,4,,,
825,6,BĞZ-10,BOĞAZDAN GELİŞ,,4,,,
1290,11,TF1,MAÇKA - TAŞKIŞLA,,6,http://www.istanbul-ulasim.com.tr/rayl%C4%B1-sistemler/ma%C3%A7ka-%E2%80%93-ta%C5%9Fk%C4%B1%C5%9Fla-teleferik.aspx,,
2048,11,T3,KADIKÖY - MODA,,0,,,
2050,11,F2,KARAKÖY - BEYOĞLU,,7,,,
2045,11,M3A,İKİTELLİ SANAYİ - OLİMPİYAT,,1,,,
2044,11,M2A,SANAYİ MAHALLESİ - SEYRANTEPE,,1,,,
3811,11,M6,LEVENT - BOĞAZİÇİ Ü./HİSARÜSTÜ,,1,http://www.istanbul-ulasim.com.tr/,,
1294,11,M4,KADIKÖY - TAVŞANTEPE,,1,http://www.metro.istanbul/rayl%C4%B1-sistemler/m4-kad%C4%B1k%C3%B6y-tav%C5%9Fantepe.aspx,,
1296,11,M1A,YENİKAPI - ATATÜRK HAVALİMANI,,1,http://www.istanbul-ulasim.com.tr/rayl%C4%B1-sistemler/m1-aksaray-havaliman%C4%B1-kirazl%C4%B1.aspx,,
1291,11,TF2,EYÜP - PİYERLOTİ TELEFERİĞİ,,6,http://www.istanbul-ulasim.com.tr/rayl%C4%B1-sistemler/ey%C3%BCp-piyerloti-teleferik-hatt%C4%B1.aspx,,
4065,11,T1,BAĞCILAR - KABATAŞ,,0,https://www.metro.istanbul/seferTarife.aspx?r=888aecf1-4062-4a4e-99e9-6a9550327f7e&bs=ec28f4d1-7548-4279-a127-985a58ec2b8e&ls=31b73dba-0d61-4d2b-b974-b30daf8a93c8&d=1,,
7098,11,M5,ÜSKÜDAR - ÇEKMEKÖY,,1,https://www.metro.istanbul/raylı-sistemler/,,
2047,11,F1,TAKSİM-KABATAŞ,,7,,,
1298,11,M2,YENİKAPI - HACIOSMAN,,1,https://www.metro.istanbul/seferTarife.aspx?r=04c7f4fc-ba94-4eb2-8764-9e43dc1c604b&bs=584872cb-5812-4d5f-bd26-3118c7e22c19&ls=935ddc62-0a30-4578-a18d-fdc7a8e3d078&d=1,,
7237,11,F3,SEYRANTEPE - VADİSTANBUL,,7,https://www.metro.istanbul/raylı-sistemler/,,
1297,11,M3,KİRAZLI - OLİMPİYAT - BAŞAKŞEHİR,,1,http://www.istanbul-ulasim.com.tr/rayl%C4%B1-sistemler/m3-ba%C5%9Fak%C5%9Fehir-olimpiyatk%C3%B6y.aspx,,
1293,11,M1B,YENİKAPI - KİRAZLI,,1,http://www.istanbul-ulasim.com.tr/rayl%C4%B1-sistemler/m1-aksaray-havaliman%C4%B1-kirazl%C4%B1.aspx,,
1289,11,T4,TOPKAPI - MESCİD-İ SELAM,,0,https://www.metro.istanbul/rayl%C4%B1-sistemler/t4-topkap%C4%B1-%E2%80%93-mescid-i-selam.aspx,,
7549,33,KBT-ADA,KABATAŞ - ADALAR (HEYBELİADA - BÜYÜKADA),,4,http://www.denturavrasya.com.tr,,
5562,33,ÜSK-BŞK,ÜSKÜDAR - BEŞİKTAŞ,,4,http://www.denturavrasya.com/tr-TR/yazi.aspx?kid=75&id=31,,
5560,33,EMN-BBK,EMİNÖNÜ-BEBEK,,4,http://www.denturavrasya.com/tr-TR/yazi.aspx?kid=75&id=42,,
7548,33,BŞK-K.KÖY,BEŞİKTAŞ - KADIKÖY,,4,http://www.denturavrasya.com.tr,,
7547,33,AVC-ADA,AVCILAR-ADALAR,,4,http://www.denturavrasya.com.tr,,
5561,33,ÜSK-KBTŞ,ÜSKÜDAR - KABATAŞ,,4,http://www.denturavrasya.com/tr-TR/yazi.aspx?kid=75&id=41,,
26730,33,SRK-ADA,SİRKECİ - ADALAR,,4,http://www.denturavrasya.com.tr,,
26731,33,KBT-KDK,KABATAŞ - KADIKÖY,,4,http://www.denturavrasya.com/tr-TR/yazi.aspx?kid=75&id=461,,
3854,20,BOSTANCI-B.KÖY,BOSTANCI - KADIKÖY - YENİKAPI - BAKIRKÖY,,4,http://www.ido.com.tr/tr/tarifeler/2018-kis-tarifesi,,
3856,20,BOSTANCI - BEŞİKTAŞ,BOSTANCI - BEŞİKTAŞ,,4,http://www.ido.com.tr/tr/tarifeler/2015-yaz-tarifesi/680,,
26725,20,BEŞİKTAŞ - HEYBELİADA,BEŞİKTAŞ - YENİKAPI - BÜYÜKADA - HEYBELİADA,,4,http://www.ido.com.tr,,
26724,20,BEŞİKTAŞ-BURGAZADA,BEŞİKTAŞ-YENİKAPI-KINALIADA-BURGAZADA,,4,http://www.ido.com.tr,,
3880,20,SİRKECİ - HAREM,SİRKECİ - HAREM (Arabalı Vapur),,4,http://www.ido.com.tr/tr/tarifeler/2014-yaz-tarifesi/691,,
26615,4,Marmaray,GEBZE-HALKALI,,1,http://www.marmaray.gov.tr,,
26727,4,Marmaray1,SÖĞÜTLÜÇEŞME - ZEYTİNBURNU,,1,http://www.marmaray.gov.tr,,
7565,48,B.CKMC_B.ADA,BÜYÜKÇEKMECE(MİMARSİNAN) - BÜYÜKADA,,4,http://www.turyol.com/TarifeSeferSabit.aspx,,
7560,48,K.KÖY_KDK2,KARAKÖY - KADIKÖY2 (ÇAYIRBAŞI),,4,,,
7562,48,USK_K.KOY_EMN,ÜSKÜDAR - KARAKÖY - EMİNÖNÜ,,4,,,
7559,48,K.KOY_KDK,KARAKÖY - KADIKÖY (METRO),,4,,,
7555,48,EMN_KDK2,EMİNÖNÜ - KADIKÖY2 (ÇAYIRBAŞI),,4,,,
7556,48,EMN_USK,EMİNÖNÜ - ÜSKÜDAR,,4,,,
7569,48,KDK_ADA,KADIKÖY(METRO) - KINALIADA/HEYBELİADA/BÜYÜKADA,,4,http://www.turyol.com/TarifeSeferSabit.aspx,,
7561,48,K.KOY_USK,KARAKÖY - ÜSKÜDAR,,4,,,
7551,48,BSK_KDK,BEŞİKTAŞ - KADIKÖY (METRO),,4,,,
7558,48,KDK2_K.KÖY_EMN,KADIKÖY2 (ÇAYIRBAŞI) - KARAKÖY - EMİNÖNÜ,,4,,,
7550,48,B.KOY_KDK,BAKIRKÖY - KADIKÖY (Metro),,4,,,
7567,48,K.KOY_B.ADA,KARAKÖY - BÜYÜKADA,,4,,,
7557,48,KDK_EMN_K.KOY,KADIKÖY (METRO) - EMİNÖNÜ - KARAKÖY,,4,,,
7553,48,EMN_KDK,EMİNÖNÜ - KADIKÖY (METRO),,4,,,
7564,48,K.ADA_K.KOY_EMN,KINALIADA - KADIKÖY (METRO) - EMİNÖNÜ,,4,,,
7568,48,B.KOY_ADA,BAKIRKÖY - KINALIADA/HEYBELİADA/BÜYÜKADA,,4,http://www.turyol.com/TarifeSeferSabit.aspx,,
7566,48,K.KOY_K.ADA,KARAKÖY - KINALIADA,,4,,,
7570,48,ADA-EMN,ADALAR - KADIKÖY(METRO)/EMİNÖNÜ,,4,http://www.turyol.com/TarifeSeferSabit.aspx,,